<books_xml><books><book id="1" title="Fantazy" year="2004" author_id="865" genre_id="346576" /><book id="2" title="fwds" year="243" author_id="54" genre_id="23" /><book id="3" title="Title" year="2000" author_id="212" genre_id="121" /><book id="4" title="Idiot" year="1999" author_id="12312" genre_id="423" /><book id="5" title="&#1085;&#1077; &#1079;&#1072;&#1076;&#1072;&#1085;&#1086;" year="&#1085;&#1077; &#1079;&#1072;&#1076;&#1072;&#1085;&#1086;" author_id="&#1085;&#1077; &#1079;&#1072;&#1076;&#1072;&#1085;&#1086;" genre_id="&#1085;&#1077; &#1079;&#1072;&#1076;&#1072;&#1085;&#1086;" /><book id="6" title="Fantazy" year="4" author_id="3" genre_id="22" /><book id="7" title="Idiot" year="1999" author_id="2" genre_id="4" /><book id="8" title="Book Title 1" year="2022" author_id="1" genre_id="1" /><book id="9" title="Idiot" year="1888" author_id="21" genre_id="1342" /><book id="10" title="Idiot" year="1888" author_id="21" genre_id="1342" /><book id="11" title="Title1" year="1" author_id="1" genre_id="1" /><book id="12" title="Idiot" year="1888" author_id="21" genre_id="1342" /></books></books_xml>